{
  "roi_points": [
    [
      0.0,
      0.470621
    ],
    [
      0.265664,
      0.35589
    ],
    [
      0.444236,
      0.277917
    ],
    [
      0.694862,
      0.340295
    ],
    [
      0.797619,
      0.364801
    ],
    [
      0.922306,
      0.632136
    ],
    [
      0.942356,
      0.997494
    ],
    [
      0.446317,
      1.0
    ],
    [
      0.944,
      1.0
    ],
    [
      0.0,
      1.0
    ]
  ],
  "entry_line_points": [
    [
      0.546366,
      0.311334
    ],
    [
      0.671679,
      0.332498
    ]
  ]
}